<application>
  <component name="UISettings">
    <option name="ACTIVATE_MRU_EDITOR_ON_CLOSE" value="true" />
    <option name="CONSOLE_COMMAND_HISTORY_LIMIT" value="1000" />
    <option name="CONSOLE_CYCLE_BUFFER_SIZE_KB" value="2048" />
    <option name="EDITOR_TAB_LIMIT" value="100" />
    <option name="FULL_PATHS_IN_TITLE_BAR" value="true" />
    <option name="LEFT_HORIZONTAL_SPLIT" value="true" />
    <option name="MARK_MODIFIED_TABS_WITH_ASTERISK" value="true" />
    <option name="OPEN_IN_PREVIEW_TAB_IF_POSSIBLE" value="true" />
    <option name="OPEN_TABS_AT_THE_END" value="true" />
    <option name="OPEN_TABS_IN_MAIN_WINDOW" value="true" />
    <option name="OVERRIDE_CONSOLE_CYCLE_BUFFER_SIZE" value="true" />
    <option name="REUSE_NOT_MODIFIED_TABS" value="true" />
    <option name="RIGHT_HORIZONTAL_SPLIT" value="true" />
    <option name="SHOW_PINNED_TABS_IN_A_SEPARATE_ROW" value="true" />
    <option name="SHOW_TOOL_WINDOW_NUMBERS" value="true" />
    <option name="showTreeIndentGuides" value="true" />
    <option name="SORT_LOOKUP_ELEMENTS_LEXICOGRAPHICALLY" value="true" />
    <option name="SORT_TABS_ALPHABETICALLY" value="true" />
    <option name="WIDESCREEN_SUPPORT" value="true" />
  </component>
</application>